{
    "metrics": {
        "http_req_blocked": {
            "max": 115.2064,
            "p(90)": 0,
            "p(95)": 0,
            "avg": 3.2916114285714286,
            "min": 0,
            "med": 0
        },
        "checks": {
            "passes": 37,
            "fails": 0,
            "value": 1
        },
        "iteration_duration": {
            "med": 12478.4337,
            "max": 12478.4337,
            "p(90)": 12478.4337,
            "p(95)": 12478.4337,
            "avg": 12478.4337,
            "min": 12478.4337
        },
        "http_reqs": {
            "count": 35,
            "rate": 2.80483920029162
        },
        "http_req_waiting": {
            "avg": 329.8355942857143,
            "min": 185.5744,
            "med": 285.9221,
            "max": 752.6942,
            "p(90)": 591.93502,
            "p(95)": 641.1092499999997
        },
        "http_req_tls_handshaking": {
            "avg": 1.1621914285714285,
            "min": 0,
            "med": 0,
            "max": 40.6767,
            "p(90)": 0,
            "p(95)": 0
        },
        "vus": {
            "value": 1,
            "min": 1,
            "max": 1
        },
        "data_sent": {
            "count": 13859,
            "rate": 1110.636185052616
        },
        "http_req_connecting": {
            "avg": 1.8860285714285714,
            "min": 0,
            "med": 0,
            "max": 66.011,
            "p(90)": 0,
            "p(95)": 0
        },
        "vus_max": {
            "value": 1,
            "min": 1,
            "max": 1
        },
        "http_req_duration{expected_response:true}": {
            "avg": 349.7858885714286,
            "min": 192.5458,
            "med": 308.2541,
            "max": 871.8682,
            "p(90)": 593.66214,
            "p(95)": 656.6287699999996
        },
        "http_req_sending": {
            "avg": 0.15808857142857147,
            "min": 0,
            "med": 0,
            "max": 0.5926,
            "p(90)": 0.5435,
            "p(95)": 0.56224
        },
        "data_received": {
            "count": 3171825,
            "rate": 254184.54561328478
        },
        "http_req_receiving": {
            "avg": 19.792205714285718,
            "min": 0,
            "med": 0.9489,
            "max": 184.9385,
            "p(90)": 58.47354000000007,
            "p(95)": 166.32339
        },
        "http_req_failed": {
            "passes": 0,
            "fails": 35,
            "thresholds": {
                "rate<0.01": false
            },
            "value": 0
        },
        "iterations": {
            "count": 1,
            "rate": 0.08013826286547486
        },
        "http_req_duration": {
            "p(95)": 656.6287699999996,
            "avg": 349.7858885714286,
            "min": 192.5458,
            "med": 308.2541,
            "max": 871.8682,
            "p(90)": 593.66214,
            "thresholds": {
                "p(95)<5000": false
            }
        }
    },
    "root_group": {
        "name": "",
        "path": "",
        "id": "d41d8cd98f00b204e9800998ecf8427e",
        "groups": {},
        "checks": {
                "GET /api/productsList status 200": {
                    "name": "GET /api/productsList status 200",
                    "path": "::GET /api/productsList status 200",
                    "id": "bcdd2a988107be816c25415104dbf1f0",
                    "passes": 1,
                    "fails": 0
                },
                "imagem 1 carregada": {
                    "path": "::imagem 1 carregada",
                    "id": "b2c42a020d7facb26b51e93cc47b31e6",
                    "passes": 1,
                    "fails": 0,
                    "name": "imagem 1 carregada"
                },
                "imagem 2 carregada": {
                    "fails": 0,
                    "name": "imagem 2 carregada",
                    "path": "::imagem 2 carregada",
                    "id": "db6f2816644a70a9d262c78979c80c7b",
                    "passes": 1
                },
                "imagem 3 carregada": {
                    "passes": 1,
                    "fails": 0,
                    "name": "imagem 3 carregada",
                    "path": "::imagem 3 carregada",
                    "id": "b21d7acfe21d26567518cb5c9ceecc17"
                },
                "imagem 4 carregada": {
                    "name": "imagem 4 carregada",
                    "path": "::imagem 4 carregada",
                    "id": "2ee5aa2d241c9709b63d66f774abe68a",
                    "passes": 1,
                    "fails": 0
                },
                "imagem 5 carregada": {
                    "name": "imagem 5 carregada",
                    "path": "::imagem 5 carregada",
                    "id": "344cc9997c21f5064910c366d22b16d3",
                    "passes": 1,
                    "fails": 0
                },
                "imagem 6 carregada": {
                    "path": "::imagem 6 carregada",
                    "id": "4dd3ae102b548a66d6342641c8c400e2",
                    "passes": 1,
                    "fails": 0,
                    "name": "imagem 6 carregada"
                },
                "imagem 7 carregada": {
                    "passes": 1,
                    "fails": 0,
                    "name": "imagem 7 carregada",
                    "path": "::imagem 7 carregada",
                    "id": "3f5e4e3db57750d7027879921ae88521"
                },
                "imagem 8 carregada": {
                    "id": "d528bdef29750a4ecf2b04e9d635630b",
                    "passes": 1,
                    "fails": 0,
                    "name": "imagem 8 carregada",
                    "path": "::imagem 8 carregada"
                },
                "imagem 11 carregada": {
                    "path": "::imagem 11 carregada",
                    "id": "a5623ace7aa409fc2379762c22c4f52c",
                    "passes": 1,
                    "fails": 0,
                    "name": "imagem 11 carregada"
                },
                "imagem 12 carregada": {
                    "name": "imagem 12 carregada",
                    "path": "::imagem 12 carregada",
                    "id": "b266b17074fcfd31f37c4edd8d215af9",
                    "passes": 1,
                    "fails": 0
                },
                "imagem 13 carregada": {
                    "passes": 1,
                    "fails": 0,
                    "name": "imagem 13 carregada",
                    "path": "::imagem 13 carregada",
                    "id": "4efaf1e05f489d9ca3abe2ef932ea96f"
                },
                "imagem 14 carregada": {
                    "name": "imagem 14 carregada",
                    "path": "::imagem 14 carregada",
                    "id": "03f3009259840fca43fa7c7c67a9b294",
                    "passes": 1,
                    "fails": 0
                },
                "imagem 15 carregada": {
                    "name": "imagem 15 carregada",
                    "path": "::imagem 15 carregada",
                    "id": "8f30290ecb69cd0824915608203b3d23",
                    "passes": 1,
                    "fails": 0
                },
                "imagem 16 carregada": {
                    "path": "::imagem 16 carregada",
                    "id": "a3bf3be372ad39f026a591649d9285a6",
                    "passes": 1,
                    "fails": 0,
                    "name": "imagem 16 carregada"
                },
                "imagem 18 carregada": {
                    "path": "::imagem 18 carregada",
                    "id": "59219ecbc64e00d6f775af28195ce0b9",
                    "passes": 1,
                    "fails": 0,
                    "name": "imagem 18 carregada"
                },
                "imagem 19 carregada": {
                    "id": "571977cbeca7a1447b8fdcda97b828a1",
                    "passes": 1,
                    "fails": 0,