{
    "root_group": {
        "id": "d41d8cd98f00b204e9800998ecf8427e",
        "groups": {},
        "checks": {
                "search status 200": {
                    "name": "search status 200",
                    "path": "::search status 200",
                    "id": "644a0e6ab046e4cf31ebf297a7476450",
                    "passes": 4155,
                    "fails": 0
                },
                "resposta contem produtos": {
                    "name": "resposta contem produtos",
                    "path": "::resposta contem produtos",
                    "id": "9ae281ef383eb5f2328783e8445a0886",
                    "passes": 4155,
                    "fails": 0
                }
            },
        "name": "",
        "path": ""
    },
    "metrics": {
        "http_req_duration{expected_response:true}": {
            "avg": 474.9052696028881,
            "min": 193.4904,
            "med": 324.7705,
            "max": 38252.735,
            "p(90)": 670.70286,
            "p(95)": 805.8525699999997
        },
        "data_sent": {
            "count": 461169,
            "rate": 2625.233241495492
        },
        "vus": {
            "value": 1,
            "min": 1,
            "max": 30
        },
        "iterations": {
            "rate": 23.65259615978908,
            "count": 4155
        },
        "http_req_sending": {
            "max": 1.4999,
            "p(90)": 0.503,
            "p(95)": 0.5514,
            "avg": 0.13881140794223817,
            "min": 0,
            "med": 0
        },
        "checks": {
            "passes": 8310,
            "fails": 0,
            "value": 1
        },
        "http_req_failed": {
            "passes": 0,
            "fails": 4155,
            "thresholds": {
                "rate<0.05": false
            },
            "value": 0
        },
        "http_req_connecting": {
            "p(90)": 0,
            "p(95)": 0,
            "avg": 1.4433300601684718,
            "min": 0,
            "med": 0,
            "max": 1136.3516
        },
        "data_received": {
            "count": 8191703,
            "rate": 46631.77928277562
        },
        "iteration_duration": {
            "avg": 977.5813315282834,
            "min": 694.4428,
            "med": 825.9257,
            "max": 38753.6878,
            "p(90)": 1174.3424799999998,
            "p(95)": 1318.8084099999974
        },
        "http_req_waiting": {
            "p(95)": 805.8209499999998,
            "avg": 473.60217056558423,
            "min": 193.4904,
            "med": 324.451,
            "max": 38252.5165,
            "p(90)": 670.66346
        },
        "http_req_tls_handshaking": {
            "min": 0,
            "med": 0,
            "max": 340.3016,
            "p(90)": 0,
            "p(95)": 0,
            "avg": 0.32671042117930205
        },
        "vus_max": {
            "value": 30,
            "min": 30,
            "max": 30
        },
        "http_reqs": {
            "rate": 23.65259615978908,
            "count": 4155
        },
        "http_req_receiving": {
            "p(90)": 0.5445,
            "p(95)": 1.0133599999999996,
            "avg": 1.164287629362215,
            "min": 0,
            "med": 0,
            "max": 449.6063
        },
        "http_req_duration": {
            "p(95)": 805.8525699999997,
            "avg": 474.9052696028881,
            "min": 193.4904,
            "med": 324.7705,
            "max": 38252.735,
            "p(90)": 670.70286,
            "thresholds": {
                "p(95)<5000": false
            }
        },
        "http_req_blocked": {
            "avg": 1.7857293862815882,
            "min": 0,
            "med": 0,
            "max": 1307.1277,
            "p(90)": 0,
            "p(95)": 0
        }
    }
}