{
    "root_group": {
        "name": "",
        "path": "",
        "id": "d41d8cd98f00b204e9800998ecf8427e",
        "groups": {},
        "checks": {
                "status 200 e JSON valido": {
                    "passes": 2548,
                    "fails": 118,
                    "name": "status 200 e JSON valido",
                    "path": "::status 200 e JSON valido",
                    "id": "38db324561702dbf8e4539985640c302"
                }
            }
    },
    "metrics": {
        "http_req_waiting": {
            "max": 60001.2264,
            "p(90)": 5874.2270499999995,
            "p(95)": 6346.731125,
            "avg": 3888.5118960240143,
            "min": 176.4006,
            "med": 3175.37565
        },
        "http_req_sending": {
            "max": 1.078,
            "p(90)": 0.30415000000000003,
            "p(95)": 0.418175,
            "avg": 0.10383938484621155,
            "min": 0,
            "med": 0
        },
        "http_reqs": {
            "count": 2666,
            "rate": 13.491896169994604
        },
        "http_req_connecting": {
            "max": 1228.2842,
            "p(90)": 0,
            "p(95)": 0,
            "avg": 5.688137246811704,
            "min": 0,
            "med": 0
        },
        "http_req_tls_handshaking": {
            "avg": 1.0609690922730683,
            "min": 0,
            "med": 0,
            "max": 245.1618,
            "p(90)": 0,
            "p(95)": 0
        },
        "http_req_duration{expected_response:true}": {
            "avg": 3992.3758637362653,
            "min": 230.3413,
            "med": 3375.8197,
            "max": 53141.8931,
            "p(90)": 5891.74933,
            "p(95)": 6376.67784
        },
        "data_sent": {
            "count": 400235,
            "rate": 2025.4797687913692
        },
        "vus": {
            "value": 1,
            "min": 1,
            "max": 100
        },
        "http_req_duration": {
            "p(90)": 5880.03965,
            "p(95)": 6360.283025000001,
            "avg": 3890.0286529632426,
            "min": 176.4006,
            "med": 3175.48795,
            "max": 60001.3791,
            "thresholds": {
                "p(95)<8000": false
            }
        },
        "checks": {
            "passes": 2548,
            "fails": 118,
            "value": 0.9557389347336834
        },
        "data_received": {
            "count": 15945163,
            "rate": 80694.10487983483
        },
        "http_req_failed": {
            "passes": 118,
            "fails": 2548,
            "thresholds": {
                "rate<0.40": false
            },
            "value": 0.04426106526631658
        },
        "http_req_blocked": {
            "p(90)": 0,
            "p(95)": 0,
            "avg": 6.776680532633156,
            "min": 0,
            "med": 0,
            "max": 1459.0262
        },
        "http_req_receiving": {
            "min": 0,
            "med": 0,
            "max": 672.6011,
            "p(90)": 1.00095,
            "p(95)": 1.5525499999999999,
            "avg": 1.4129175543885968
        },
        "vus_max": {
            "value": 100,
            "min": 100,
            "max": 100
        },
        "iterations": {
            "count": 2666,
            "rate": 13.491896169994604
        },
        "iteration_duration": {
            "med": 3685.69585,
            "max": 60503.2113,
            "p(90)": 6381.70415,
            "p(95)": 6860.5914999999995,
            "avg": 4397.616118679672,
            "min": 677.3686
        }
    }
}