{
    "root_group": {
        "id": "d41d8cd98f00b204e9800998ecf8427e",
        "groups": {},
        "checks": {
                "GET / status 200": {
                    "passes": 5368,
                    "fails": 5,
                    "name": "GET / status 200",
                    "path": "::GET / status 200",
                    "id": "4032b491b7fafac4f6a4ef1bad8b59f0"
                },
                "pagina carregada em menos de 5s": {
                    "name": "pagina carregada em menos de 5s",
                    "path": "::pagina carregada em menos de 5s",
                    "id": "fd9bfdfb057a384e1da7127c464f3930",
                    "passes": 5373,
                    "fails": 0
                }
            },
        "name": "",
        "path": ""
    },
    "metrics": {
        "http_req_duration": {
            "min": 181.7307,
            "med": 813.9162,
            "max": 3439.5974,
            "p(90)": 1213.43988,
            "p(95)": 1395.48488,
            "avg": 868.5308515726776,
            "thresholds": {
                "p(95)<3000": false
            }
        },
        "checks": {
            "passes": 10741,
            "fails": 5,
            "value": 0.999534710589987
        },
        "vus_max": {
            "max": 50,
            "value": 50,
            "min": 50
        },
        "http_req_sending": {
            "avg": 0.07789034059184818,
            "min": 0,
            "med": 0,
            "max": 1.244,
            "p(90)": 0.28506000000000004,
            "p(95)": 0.3811399999999994
        },
        "data_received": {
            "count": 285705772,
            "rate": 1294200.842008901
        },
        "iterations": {
            "count": 5373,
            "rate": 24.338819182532394
        },
        "http_req_tls_handshaking": {
            "max": 413.1161,
            "p(90)": 0,
            "p(95)": 0,
            "avg": 0.2431657360878467,
            "min": 0,
            "med": 0
        },
        "http_req_waiting": {
            "med": 809.6346,
            "max": 3438.2531,
            "p(90)": 1207.09806,
            "p(95)": 1390.7794799999997,
            "avg": 863.5627845337776,
            "min": 181.7307
        },
        "http_req_failed": {
            "passes": 5,
            "fails": 5368,
            "thresholds": {
                "rate<0.05": false
            },
            "value": 0.0009305788200260562
        },
        "iteration_duration": {
            "med": 1814.8282,
            "max": 4440.0283,
            "p(90)": 2217.2947400000003,
            "p(95)": 2396.40936,
            "avg": 1870.1500144425763,
            "min": 1181.8335
        },
        "http_req_duration{expected_response:true}": {
            "p(95)": 1395.5296799999999,
            "avg": 869.129522317436,
            "min": 207.1584,
            "med": 814.13465,
            "max": 3439.5974,
            "p(90)": 1213.7635200000002
        },
        "http_req_connecting": {
            "med": 0,
            "max": 1021.1347,
            "p(90)": 0,
            "p(95)": 0,
            "avg": 0.8171236925367579,
            "min": 0
        },
        "http_req_receiving": {
            "max": 1980.3808,
            "p(90)": 6.414380000000002,
            "p(95)": 11.271499999999998,
            "avg": 4.890176698306354,
            "min": 0,
            "med": 2.023
        },
        "http_reqs": {
            "rate": 24.338819182532394,
            "count": 5373
        },
        "http_req_blocked": {
            "max": 1039.0009,
            "p(90)": 0,
            "p(95)": 0,
            "avg": 1.0624752838265399,
            "min": 0,
            "med": 0
        },
        "vus": {
            "max": 50,
            "value": 3,
            "min": 2
        },
        "data_sent": {
            "count": 1107413,
            "rate": 5016.401408409779
        }
    }
}