{
    "root_group": {
        "name": "",
        "path": "",
        "id": "d41d8cd98f00b204e9800998ecf8427e",
        "groups": {},
        "checks": {
                "GET productsList status 200": {
                    "passes": 1621,
                    "fails": 79,
                    "name": "GET productsList status 200",
                    "path": "::GET productsList status 200",
                    "id": "37081dec57310efe83fb525a2d245bed"
                },
                "GET brandsList status 200": {
                    "path": "::GET brandsList status 200",
                    "id": "26d307400546ecf210fbdee325e6ba35",
                    "passes": 1609,
                    "fails": 79,
                    "name": "GET brandsList status 200"
                },
                "POST verifyLogin status 200": {
                    "name": "POST verifyLogin status 200",
                    "path": "::POST verifyLogin status 200",
                    "id": "f8e2793abc83a97cb200196dcf07d515",
                    "passes": 1603,
                    "fails": 71
                },
                "POST searchProduct status 200": {
                    "name": "POST searchProduct status 200",
                    "path": "::POST searchProduct status 200",
                    "id": "ae68d076978bfc94a3a06830f8b54ab7",
                    "passes": 1578,
                    "fails": 88
                }
            }
    },
    "metrics": {
        "data_sent": {
            "count": 643043,
            "rate": 1889.2738832526088
        },
        "http_req_tls_handshaking": {
            "min": 0,
            "med": 0,
            "max": 218.3417,
            "p(90)": 0,
            "p(95)": 0,
            "avg": 0.16167816587395956
        },
        "http_req_waiting": {
            "avg": 1883.4156912455428,
            "min": 175.445,
            "med": 1914.6406,
            "max": 10177.5252,
            "p(90)": 2412.7459,
            "p(95)": 2600.1128449999997
        },
        "vus_max": {
            "value": 50,
            "min": 50,
            "max": 50
        },
        "vus": {
            "min": 2,
            "max": 50,
            "value": 2
        },
        "http_req_duration": {
            "p(95)": 2600.2975749999996,
            "avg": 1883.600038480974,
            "min": 176.4317,
            "med": 1914.71325,
            "max": 10177.5252,
            "p(90)": 2413.07318,
            "thresholds": {
                "p(95)<3000": false
            }
        },
        "iteration_duration": {
            "avg": 2385.2009224286576,
            "min": 677.5069,
            "med": 2416.01725,
            "max": 10678.5477,
            "p(90)": 2914.10808,
            "p(95)": 3102.0161949999997
        },
        "http_req_sending": {
            "min": 0,
            "med": 0,
            "max": 1.2905,
            "p(90)": 0.31936000000000003,
            "p(95)": 0.44574999999999965,
            "avg": 0.085869976218787
        },
        "http_req_receiving": {
            "avg": 0.09847725921521995,
            "min": 0,
            "med": 0,
            "max": 9.6052,
            "p(90)": 0.10142000000000008,
            "p(95)": 0.6412499999999995
        },
        "checks": {
            "passes": 6411,
            "fails": 317,
            "value": 0.9528834720570749
        },
        "data_received": {
            "count": 17876400,
            "rate": 52521.239865105345
        },
        "http_req_failed": {
            "fails": 6411,
            "passes": 317,
            "thresholds": {
                "rate<0.01": true
            },
            "value": 0.04711652794292509
        },
        "http_req_duration{expected_response:true}": {
            "avg": 1965.2695606613613,
            "min": 267.9159,
            "med": 1979.6647,
            "max": 10177.5252,
            "p(90)": 2430.0892,
            "p(95)": 2606.0843
        },
        "iterations": {
            "count": 6728,
            "rate": 19.767005762481748
        },
        "http_reqs": {
            "count": 6728,
            "rate": 19.767005762481748
        },
        "http_req_blocked": {
            "p(90)": 0,
            "p(95)": 0,
            "avg": 1.025045303210464,
            "min": 0,
            "med": 0,
            "max": 1030.4836
        },
        "http_req_connecting": {
            "min": 0,
            "med": 0,
            "max": 1013.905,
            "p(90)": 0,
            "p(95)": 0,
            "avg": 0.854048677170036
        }
    }
}