{
    "root_group": {
        "id": "d41d8cd98f00b204e9800998ecf8427e",
        "groups": {},
        "checks": {
                "status 200 e JSON valido": {
                    "name": "status 200 e JSON valido",
                    "path": "::status 200 e JSON valido",
                    "id": "38db324561702dbf8e4539985640c302",
                    "passes": 3291,
                    "fails": 27457
                }
            },
        "name": "",
        "path": ""
    },
    "metrics": {
        "http_req_waiting": {
            "avg": 840.0914468713439,
            "min": 170.7295,
            "med": 209.80759999999998,
            "max": 8278.4061,
            "p(90)": 2444.1368899999948,
            "p(95)": 6775.971725
        },
        "http_req_receiving": {
            "avg": 0.11856787758553365,
            "min": 0,
            "med": 0,
            "max": 65.4621,
            "p(90)": 0.1750099999999995,
            "p(95)": 0.8673549999999985
        },
        "http_req_duration{expected_response:true}": {
            "avg": 5919.182170799157,
            "min": 613.7106,
            "med": 6689.0165,
            "max": 8278.4061,
            "p(90)": 7469.7778,
            "p(95)": 7607.8902
        },
        "http_req_connecting": {
            "max": 3041.5411,
            "p(90)": 0,
            "p(95)": 0,
            "avg": 0.7008385130740199,
            "min": 0,
            "med": 0
        },
        "http_req_duration": {
            "p(90)": 2444.512579999995,
            "p(95)": 6776.1009349999995,
            "avg": 840.2672648302292,
            "min": 170.8337,
            "med": 209.9359,
            "max": 8278.4061,
            "thresholds": {
                "p(95)<10000": false
            }
        },
        "iteration_duration": {
            "min": 471.3956,
            "med": 510.72249999999997,
            "max": 8579.5364,
            "p(90)": 2782.662159999996,
            "p(95)": 7078.217634999999,
            "avg": 1141.7755549173976
        },
        "iterations": {
            "rate": 112.5132743516389,
            "count": 30748
        },
        "vus": {
            "max": 299,
            "value": 2,
            "min": 1
        },
        "checks": {
            "passes": 3291,
            "fails": 27457,
            "value": 0.10703135163262652
        },
        "http_req_tls_handshaking": {
            "min": 0,
            "med": 0,
            "max": 417.1211,
            "p(90)": 0,
            "p(95)": 0,
            "avg": 0.2671369292311695
        },
        "data_sent": {
            "count": 1857152,
            "rate": 6795.702240428479
        },
        "http_reqs": {
            "count": 30748,
            "rate": 112.5132743516389
        },
        "data_received": {
            "count": 37500638,
            "rate": 137222.56965186336
        },
        "vus_max": {
            "value": 300,
            "min": 300,
            "max": 300
        },
        "http_req_failed": {
            "passes": 27457,
            "fails": 3291,
            "thresholds": {
                "rate<0.60": true
            },
            "value": 0.8929686483673734
        },
        "http_req_blocked": {
            "p(90)": 0,
            "p(95)": 0,
            "avg": 0.9698435800702487,
            "min": 0,
            "med": 0,
            "max": 3065.6401
        },
        "http_req_sending": {
            "p(90)": 0.2042,
            "p(95)": 0.3035,
            "avg": 0.057250081306100924,
            "min": 0,
            "med": 0,
            "max": 1.4092
        }
    }
}