{
    "metrics": {
        "http_req_duration": {
            "min": 175.8288,
            "med": 3089.4665999999997,
            "max": 7594.0981,
            "p(90)": 6217.85549,
            "p(95)": 6612.025374999999,
            "avg": 3153.255848820611,
            "thresholds": {
                "p(95)<8000": false
            }
        },
        "data_sent": {
            "count": 410294,
            "rate": 2367.525220187422
        },
        "http_req_failed": {
            "passes": 887,
            "fails": 2335,
            "thresholds": {
                "rate<0.40": false
            },
            "value": 0.27529484792054626
        },
        "http_req_receiving": {
            "avg": 0.23335248292985716,
            "min": 0,
            "med": 0,
            "max": 31.8978,
            "p(90)": 0.6544400000000002,
            "p(95)": 1.2192049999999997
        },
        "vus": {
            "value": 1,
            "min": 1,
            "max": 100
        },
        "http_req_blocked": {
            "p(90)": 0,
            "p(95)": 0,
            "avg": 3.768071973929237,
            "min": 0,
            "med": 0,
            "max": 1149.4593
        },
        "http_reqs": {
            "count": 3222,
            "rate": 18.59195176981353
        },
        "http_req_waiting": {
            "avg": 3152.9390574798294,
            "min": 175.8288,
            "med": 3089.45985,
            "max": 7594.0981,
            "p(90)": 6217.16021,
            "p(95)": 6611.98194
        },
        "iteration_duration": {
            "avg": 3657.8431916511477,
            "min": 676.6531,
            "med": 3590.7619999999997,
            "max": 8095.6211,
            "p(90)": 6722.30212,
            "p(95)": 7122.119235
        },
        "checks": {
            "passes": 2335,
            "fails": 887,
            "value": 0.7247051520794537
        },
        "http_req_tls_handshaking": {
            "min": 0,
            "med": 0,
            "max": 240.7018,
            "p(90)": 0,
            "p(95)": 0,
            "avg": 0.8628674115456236
        },
        "http_req_connecting": {
            "avg": 2.8933443823711977,
            "min": 0,
            "med": 0,
            "max": 1130.7201,
            "p(90)": 0,
            "p(95)": 0
        },
        "iterations": {
            "count": 3222,
            "rate": 18.59195176981353
        },
        "http_req_duration{expected_response:true}": {
            "med": 3505.1368,
            "max": 7594.0981,
            "p(90)": 6407.84838,
            "p(95)": 6713.304099999999,
            "avg": 4266.6369832119935,
            "min": 241.265
        },
        "http_req_sending": {
            "avg": 0.08343885785226558,
            "min": 0,
            "med": 0,
            "max": 1.2153,
            "p(90)": 0.30529,
            "p(95)": 0.4284099999999997
        },
        "vus_max": {
            "value": 100,
            "min": 100,
            "max": 100
        },
        "data_received": {
            "count": 15070435,
            "rate": 86961.14235571378
        }
    },
    "root_group": {
        "groups": {},
        "checks": {
                "status 200 e JSON valido": {
                    "name": "status 200 e JSON valido",
                    "path": "::status 200 e JSON valido",
                    "id": "38db324561702dbf8e4539985640c302",
                    "passes": 2335,
                    "fails": 887
                }
            },
        "name": "",
        "path": "",
        "id": "d41d8cd98f00b204e9800998ecf8427e"
    }
}