{
    "metrics": {
        "http_req_duration": {
            "avg": 432.07287557083237,
            "min": 188.4123,
            "med": 267.7006,
            "max": 60001.7652,
            "p(90)": 531.2962600000001,
            "p(95)": 682.2605599999997,
            "thresholds": {
                "p(95)<4000": false
            }
        },
        "checks": {
            "passes": 8111,
            "fails": 35,
            "value": 0.9957034127178983
        },
        "http_req_connecting": {
            "med": 0,
            "max": 1010.2012,
            "p(90)": 0,
            "p(95)": 0,
            "avg": 0.5850719125951386,
            "min": 0
        },
        "data_sent": {
            "count": 748203,
            "rate": 4500.1736773176035
        },
        "http_req_failed": {
            "passes": 4,
            "fails": 4069,
            "thresholds": {
                "rate<0.05": false
            },
            "value": 0.0009820770930518046
        },
        "http_req_waiting": {
            "p(90)": 530.62428,
            "p(95)": 680.5885199999998,
            "avg": 430.6604874785173,
            "min": 188.2355,
            "med": 267.1568,
            "max": 60001.7652
        },
        "http_req_tls_handshaking": {
            "med": 0,
            "max": 42.5858,
            "p(90)": 0,
            "p(95)": 0,
            "avg": 0.09922825926835259,
            "min": 0
        },
        "http_req_sending": {
            "avg": 0.28624038792045126,
            "min": 0,
            "med": 0,
            "max": 2.6424,
            "p(90)": 0.6600600000000001,
            "p(95)": 1.00044
        },
        "http_reqs": {
            "count": 4073,
            "rate": 24.49763952792838
        },
        "http_req_duration{expected_response:true}": {
            "avg": 402.6710037355619,
            "min": 188.4123,
            "med": 267.6481,
            "max": 37769.7999,
            "p(90)": 530.55286,
            "p(95)": 681.0339799999999
        },
        "iteration_duration": {
            "avg": 2725.8333593137263,
            "min": 481.9073,
            "med": 2230.8043,
            "max": 61056.1219,
            "p(90)": 2922.63374,
            "p(95)": 3882.887324999999
        },
        "vus_max": {
            "value": 20,
            "min": 20,
            "max": 20
        },
        "http_req_receiving": {
            "avg": 1.1261477043947943,
            "min": 0,
            "med": 0,
            "max": 1448.0453,
            "p(90)": 0.53254,
            "p(95)": 1.00054
        },
        "vus": {
            "value": 1,
            "min": 1,
            "max": 20
        },
        "data_received": {
            "count": 8082089,
            "rate": 48610.87722922542
        },
        "http_req_blocked": {
            "avg": 0.6894848514608396,
            "min": 0,
            "med": 0,
            "max": 1040.4623,
            "p(90)": 0,
            "p(95)": 0
        },
        "iterations": {
            "count": 1020,
            "rate": 6.1349355066258155
        }
    },
    "root_group": {
        "name": "",
        "path": "",
        "id": "d41d8cd98f00b204e9800998ecf8427e",
        "groups": {},
        "checks": {
                "createAccount status 200": {
                    "path": "::createAccount status 200",
                    "id": "e1da921121bf5aa6bb0528f74b6acbe9",
                    "passes": 1018,
                    "fails": 2,
                    "name": "createAccount status 200"
                },
                "createAccount responseCode 201": {
                    "fails": 16,
                    "name": "createAccount responseCode 201",
                    "path": "::createAccount responseCode 201",
                    "id": "5838b7e2d790b3aafa4a4ed8f6f02153",
                    "passes": 1004
                },
                "login status 200": {
                    "name": "login status 200",
                    "path": "::login status 200",
                    "id": "a9f04e9f501317c68a9f824e04811bea",
                    "passes": 1018,
                    "fails": 0
                },
                "login message User exists!": {
                    "name": "login message User exists!",
                    "path": "::login message User exists!",
                    "id": "6a406397bb0c2d44af82225378cf3180",
                    "passes": 1018,
                    "fails": 0
                },
                "listProducts status 200": {
                    "passes": 1017,
                    "fails": 1,
                    "name": "listProducts status 200",
                    "path": "::listProducts status 200",
                    "id": "beedf72946129d6b3a6dbf321607c1ef"
                },
                "listProducts responseCode 200": {
                    "passes": 1017,
                    "fails": 1,
                    "name": "listProducts responseCode 200",
                    "path": "::listProducts responseCode 200",
                    "id": "e89a4b06babcdeedc2790ba2baedb5d0"
                },
                "deleteAccount status 200": {
                    "name": "deleteAccount status 200",
                    "path": "::deleteAccount status 200",
                    "id": "3af17241f51807ffd8d299517858caa9",
                    "passes": 1016,
                    "fails": 1
                },
                "deleteAccount message Account deleted!": {
                    "path": "::deleteAccount message Account deleted!",
                    "id": "0fd83b472ba9c2e2c4b18ab0fc4e9e1d",
                    "passes": 1003,
                    "fails": 14,
                    "name": "deleteAccount message Account deleted!"
                }
            }
    }
}