{
    "metrics": {
        "http_req_duration": {
            "med": 874.39825,
            "max": 34639.349,
            "p(90)": 1401.54166,
            "p(95)": 1674.4505749999998,
            "avg": 1021.4136050281593,
            "min": 213.6819,
            "thresholds": {
                "p(95)<3000": false
            }
        },
        "data_sent": {
            "count": 1033750,
            "rate": 4615.891593901383
        },
        "iterations": {
            "count": 4972,
            "rate": 22.200931564573327
        },
        "iteration_duration": {
            "avg": 2022.6993034996042,
            "min": 1214.6091,
            "med": 1875.38445,
            "max": 35640.2703,
            "p(90)": 2402.53566,
            "p(95)": 2674.714
        },
        "http_req_failed": {
            "passes": 0,
            "fails": 4972,
            "thresholds": {
                "rate<0.05": false
            },
            "value": 0
        },
        "http_req_waiting": {
            "p(90)": 1396.15317,
            "p(95)": 1653.2336749999981,
            "avg": 1012.5113109412681,
            "min": 210.7964,
            "med": 870.1661,
            "max": 34636.3083
        },
        "http_req_duration{expected_response:true}": {
            "min": 213.6819,
            "med": 874.39825,
            "max": 34639.349,
            "p(90)": 1401.54166,
            "p(95)": 1674.4505749999998,
            "avg": 1021.4136050281593
        },
        "http_req_sending": {
            "p(95)": 0.5039899999999999,
            "avg": 0.09087341110217213,
            "min": 0,
            "med": 0,
            "max": 1.3822,
            "p(90)": 0.28979000000000005
        },
        "http_req_receiving": {
            "med": 2.2351,
            "max": 10907.2229,
            "p(90)": 8.228940000000007,
            "p(95)": 12.746909999999996,
            "avg": 8.811420675784392,
            "min": 0
        },
        "vus": {
            "min": 1,
            "max": 50,
            "value": 1
        },
        "data_received": {
            "rate": 1182197.440195708,
            "count": 264758515
        },
        "http_req_connecting": {
            "p(90)": 0,
            "p(95)": 0,
            "avg": 0.3690097546259051,
            "min": 0,
            "med": 0,
            "max": 1015.0448
        },
        "http_reqs": {
            "count": 4972,
            "rate": 22.200931564573327
        },
        "checks": {
            "passes": 9895,
            "fails": 49,
            "value": 0.9950724054706356
        },
        "http_req_blocked": {
            "max": 1036.5663,
            "p(90)": 0,
            "p(95)": 0,
            "avg": 0.5952720032180209,
            "min": 0,
            "med": 0
        },
        "http_req_tls_handshaking": {
            "med": 0,
            "max": 83.059,
            "p(90)": 0,
            "p(95)": 0,
            "avg": 0.22290716009654057,
            "min": 0
        },
        "vus_max": {
            "value": 50,
            "min": 50,
            "max": 50
        }
    },
    "root_group": {
        "id": "d41d8cd98f00b204e9800998ecf8427e",
        "groups": {},
        "checks": {
                "GET / status 200": {
                    "id": "4032b491b7fafac4f6a4ef1bad8b59f0",
                    "passes": 4972,
                    "fails": 0,
                    "name": "GET / status 200",
                    "path": "::GET / status 200"
                },
                "pagina carregada em menos de 5s": {
                    "name": "pagina carregada em menos de 5s",
                    "path": "::pagina carregada em menos de 5s",
                    "id": "fd9bfdfb057a384e1da7127c464f3930",
                    "passes": 4923,
                    "fails": 49
                }
            },
        "name": "",
        "path": ""
    }
}