{
    "root_group": {
        "checks": {
            "status 200": {
                "name": "status 200",
                "path": "::status 200",
                "id": "fad9fa412b86fcb03bee97c80dcd61f1",
                "passes": 1578,
                "fails": 5865
            }
        },
        "name": "",
        "path": "",
        "id": "d41d8cd98f00b204e9800998ecf8427e",
        "groups": {}
    },
    "metrics": {
        "iteration_duration": {
            "min": 374.0511,
            "med": 426.96085,
            "max": 53658.7654,
            "p(90)": 6666.264060000001,
            "p(95)": 7376.805404999999,
            "avg": 1439.8172446519802
        },
        "http_reqs": {
            "count": 7443,
            "rate": 58.788942337837824
        },
        "http_req_duration": {
            "max": 53457.1966,
            "p(90)": 6459.61774,
            "p(95)": 7171.277999999999,
            "avg": 1240.5021267230973,
            "min": 173.4692,
            "med": 225.2242,
            "thresholds": {
                "p(95)<8000": false
            }
        },
        "http_req_receiving": {
            "avg": 0.6987818621523579,
            "min": 0,
            "med": 0,
            "max": 988.5386,
            "p(90)": 0.5308600000000001,
            "p(95)": 1.0072699999999999
        },
        "checks": {
            "passes": 1578,
            "fails": 5865,
            "value": 0.21201128577186618
        },
        "iterations": {
            "count": 7442,
            "rate": 58.78104378317736
        },
        "http_req_sending": {
            "p(90)": 0.3015600000000002,
            "p(95)": 0.5236,
            "avg": 0.08880298266827874,
            "min": 0,
            "med": 0,
            "max": 1.5099
        },
        "http_req_waiting": {
            "min": 173.2135,
            "med": 224.8543,
            "max": 53457.1966,
            "p(90)": 6458.017,
            "p(95)": 7168.96166,
            "avg": 1239.7145418782754
        },
        "vus_max": {
            "value": 200,
            "min": 200,
            "max": 200
        },
        "data_sent": {
            "rate": 5629.10244264659,
            "count": 712675
        },
        "http_req_blocked": {
            "min": 0,
            "med": 0,
            "max": 1192.5709,
            "p(90)": 0,
            "p(95)": 0,
            "avg": 3.48515957275292
        },
        "http_req_tls_handshaking": {
            "p(90)": 0,
            "p(95)": 0,
            "avg": 0.6181576783555018,
            "min": 0,
            "med": 0,
            "max": 111.7549
        },
        "http_req_duration{expected_response:true}": {
            "avg": 4481.905350443604,
            "min": 227.0504,
            "med": 6324.989799999999,
            "max": 53457.1966,
            "p(90)": 7508.17054,
            "p(95)": 7770.341725
        },
        "http_req_connecting": {
            "avg": 2.853268238613464,
            "min": 0,
            "med": 0,
            "max": 1166.7148,
            "p(90)": 0,
            "p(95)": 0
        },
        "vus": {
            "value": 2,
            "min": 1,
            "max": 200
        },
        "data_received": {
            "count": 13897905,
            "rate": 109773.3623084439
        },
        "http_req_failed": {
            "passes": 5865,
            "fails": 1578,
            "thresholds": {
                "rate<0.30": true
            },
            "value": 0.7879887142281338
        }
    }
}