{
    "root_group": {
        "checks": {
            "status 200 e JSON valido": {
                "name": "status 200 e JSON valido",
                "path": "::status 200 e JSON valido",
                "id": "38db324561702dbf8e4539985640c302",
                "passes": 4038,
                "fails": 19125
            }
        },
        "name": "",
        "path": "",
        "id": "d41d8cd98f00b204e9800998ecf8427e",
        "groups": {}
    },
    "metrics": {
        "data_received": {
            "count": 37215532,
            "rate": 130887.58813453007
        },
        "http_req_sending": {
            "max": 1.4289,
            "p(90)": 0.29827999999999993,
            "p(95)": 0.5199899999999998,
            "avg": 0.08960083322540277,
            "min": 0,
            "med": 0
        },
        "data_sent": {
            "count": 1601497,
            "rate": 5632.489137457057
        },
        "http_req_duration{expected_response:true}": {
            "med": 6312.823,
            "max": 51390.8097,
            "p(90)": 7243.164540000001,
            "p(95)": 7649.606584999999,
            "avg": 5307.96316996039,
            "min": 233.9463
        },
        "http_req_blocked": {
            "avg": 1.736561391011526,
            "min": 0,
            "med": 0,
            "max": 3043.5028,
            "p(90)": 0,
            "p(95)": 0
        },
        "iterations": {
            "rate": 81.46462084594465,
            "count": 23163
        },
        "http_req_failed": {
            "passes": 19125,
            "fails": 4038,
            "thresholds": {
                "rate<0.60": true
            },
            "value": 0.8256702499676207
        },
        "vus": {
            "value": 1,
            "min": 1,
            "max": 299
        },
        "http_req_tls_handshaking": {
            "p(95)": 0,
            "avg": 0.35633626904977755,
            "min": 0,
            "med": 0,
            "max": 332.9862,
            "p(90)": 0
        },
        "vus_max": {
            "max": 300,
            "value": 300,
            "min": 300
        },
        "iteration_duration": {
            "min": 478.2228,
            "med": 513.8956,
            "max": 60310.8725,
            "p(90)": 6295.912619999999,
            "p(95)": 7100.3236400000005,
            "avg": 1523.2662023701537
        },
        "http_req_waiting": {
            "avg": 1219.8237518542503,
            "min": 177.4549,
            "med": 212.5919,
            "max": 60000.7102,
            "p(90)": 5990.910739999999,
            "p(95)": 6797.2772700000005
        },
        "http_reqs": {
            "rate": 81.46462084594465,
            "count": 23163
        },
        "http_req_duration": {
            "med": 212.9645,
            "max": 60000.8445,
            "p(90)": 5991.73802,
            "p(95)": 6798.2909199999995,
            "avg": 1220.889251059881,
            "min": 177.4549,
            "thresholds": {
                "p(95)<10000": false
            }
        },
        "checks": {
            "passes": 4038,
            "fails": 19125,
            "value": 0.17432975003237922
        },
        "http_req_receiving": {
            "max": 1466.6636,
            "p(90)": 0.5484999999999997,
            "p(95)": 1.0512899999999996,
            "avg": 0.9758983724042655,
            "min": 0,
            "med": 0
        },
        "http_req_connecting": {
            "p(95)": 0,
            "avg": 1.3779230237879376,
            "min": 0,
            "med": 0,
            "max": 3018.7374,
            "p(90)": 0
        }
    }
}