{
    "root_group": {
        "name": "",
        "path": "",
        "id": "d41d8cd98f00b204e9800998ecf8427e",
        "groups": {},
        "checks": {
                "status 200 e login valido": {
                    "id": "19b2c8133c476704ec05204b9ccb981b",
                    "passes": 2912,
                    "fails": 0,
                    "name": "status 200 e login valido",
                    "path": "::status 200 e login valido"
                }
            }
    },
    "metrics": {
        "vus_max": {
            "value": 30,
            "min": 30,
            "max": 30
        },
        "data_sent": {
            "count": 395334,
            "rate": 2696.4881124457984
        },
        "http_req_failed": {
            "passes": 0,
            "fails": 2912,
            "thresholds": {
                "rate<0.10": false
            },
            "value": 0
        },
        "data_received": {
            "count": 1559257,
            "rate": 10635.35634361805
        },
        "http_reqs": {
            "count": 2912,
            "rate": 19.862125148462223
        },
        "http_req_connecting": {
            "avg": 0.3563744848901098,
            "min": 0,
            "med": 0,
            "max": 244.1044,
            "p(90)": 0,
            "p(95)": 0
        },
        "http_req_sending": {
            "p(95)": 0.5864149999999998,
            "avg": 0.15705381181318684,
            "min": 0,
            "med": 0,
            "max": 20.52,
            "p(90)": 0.51719
        },
        "http_req_duration": {
            "p(95)": 635.27247,
            "avg": 377.6680621565936,
            "min": 187.2242,
            "med": 212.04135,
            "max": 33957.794,
            "p(90)": 445.29816,
            "thresholds": {
                "p(95)<5000": false
            }
        },
        "http_req_waiting": {
            "p(90)": 444.10924,
            "p(95)": 634.787595,
            "avg": 377.07652022664786,
            "min": 187.2242,
            "med": 211.73579999999998,
            "max": 33957.794
        },
        "iterations": {
            "count": 2912,
            "rate": 19.862125148462223
        },
        "vus": {
            "max": 30,
            "value": 3,
            "min": 2
        },
        "http_req_tls_handshaking": {
            "p(95)": 0,
            "avg": 0.7911280906593403,
            "min": 0,
            "med": 0,
            "max": 1171.2002,
            "p(90)": 0
        },
        "iteration_duration": {
            "p(95)": 1637.1984349999998,
            "avg": 1379.496766002746,
            "min": 1187.6134,
            "med": 1213.0286,
            "max": 34959.2919,
            "p(90)": 1447.53647
        },
        "http_req_duration{expected_response:true}": {
            "p(90)": 445.29816,
            "p(95)": 635.27247,
            "avg": 377.6680621565936,
            "min": 187.2242,
            "med": 212.04135,
            "max": 33957.794
        },
        "http_req_receiving": {
            "avg": 0.43448811813186794,
            "min": 0,
            "med": 0,
            "max": 225.3253,
            "p(90)": 0.024970000000000027,
            "p(95)": 0.8652999999999993
        },
        "checks": {
            "passes": 2912,
            "fails": 0,
            "value": 1
        },
        "http_req_blocked": {
            "p(95)": 0,
            "avg": 1.1673872252747248,
            "min": 0,
            "med": 0,
            "max": 1385.5884,
            "p(90)": 0
        }
    }
}