{
    "metrics": {
        "iterations": {
            "count": 2359,
            "rate": 15.611924175908715
        },
        "http_req_duration{expected_response:true}": {
            "p(90)": 1720.8798600000002,
            "p(95)": 1994.0489849999997,
            "avg": 1237.5539473413373,
            "min": 300.8561,
            "med": 1185.0329000000002,
            "max": 3215.1379
        },
        "http_req_sending": {
            "med": 0,
            "max": 1.3166,
            "p(90)": 0.3832400000000006,
            "p(95)": 0.5080999999999999,
            "avg": 0.12318855447223404,
            "min": 0
        },
        "checks": {
            "passes": 4664,
            "fails": 54,
            "value": 0.9885544722339975
        },
        "data_sent": {
            "count": 284927,
            "rate": 1885.6543957902256
        },
        "http_req_duration": {
            "max": 3215.1379,
            "p(90)": 1714.0892400000002,
            "p(95)": 1993.0593000000001,
            "avg": 1226.0303869860106,
            "min": 185.4941,
            "med": 1179.978,
            "thresholds": {
                "p(95)<5000": false
            }
        },
        "http_req_receiving": {
            "p(90)": 0.04120000000000028,
            "p(95)": 0.5406599999999998,
            "avg": 0.08575349724459518,
            "min": 0,
            "med": 0,
            "max": 30.0059
        },
        "http_req_tls_handshaking": {
            "avg": 0.3368636286562102,
            "min": 0,
            "med": 0,
            "max": 215.1393,
            "p(90)": 0,
            "p(95)": 0
        },
        "vus_max": {
            "value": 30,
            "min": 30,
            "max": 30
        },
        "http_req_failed": {
            "passes": 27,
            "fails": 2332,
            "thresholds": {
                "rate<0.05": false
            },
            "value": 0.011445527766002543
        },
        "vus": {
            "value": 1,
            "min": 1,
            "max": 30
        },
        "data_received": {
            "count": 4674824,
            "rate": 30938.10844583225
        },
        "http_req_waiting": {
            "max": 3215.1379,
            "p(90)": 1714.0892400000002,
            "p(95)": 1992.64942,
            "avg": 1225.8214449342934,
            "min": 185.2936,
            "med": 1179.5167
        },
        "http_req_connecting": {
            "avg": 1.6330507418397626,
            "min": 0,
            "med": 0,
            "max": 1023.1569,
            "p(90)": 0,
            "p(95)": 0
        },
        "http_reqs": {
            "count": 2359,
            "rate": 15.611924175908715
        },
        "iteration_duration": {
            "avg": 1728.655905722764,
            "min": 686.3231,
            "med": 1680.541,
            "max": 4344.0105,
            "p(90)": 2216.6340000000014,
            "p(95)": 2495.44424
        },
        "http_req_blocked": {
            "avg": 1.9741392115303094,
            "min": 0,
            "med": 0,
            "max": 1045.4297,
            "p(90)": 0,
            "p(95)": 0
        }
    },
    "root_group": {
        "name": "",
        "path": "",
        "id": "d41d8cd98f00b204e9800998ecf8427e",
        "groups": {},
        "checks": {
                "search status 200": {
                    "id": "644a0e6ab046e4cf31ebf297a7476450",
                    "passes": 2332,
                    "fails": 27,
                    "name": "search status 200",
                    "path": "::search status 200"
                },
                "resposta contem produtos": {
                    "name": "resposta contem produtos",
                    "path": "::resposta contem produtos",
                    "id": "9ae281ef383eb5f2328783e8445a0886",
                    "passes": 2332,
                    "fails": 27
                }
            }
    }
}