{
    "metrics": {
        "http_req_connecting": {
            "avg": 3.490941765578634,
            "min": 0,
            "med": 0,
            "max": 1139.11,
            "p(90)": 0,
            "p(95)": 0
        },
        "http_req_sending": {
            "max": 1.5598,
            "p(90)": 0.328,
            "p(95)": 0.5154,
            "avg": 0.11075356083086052,
            "min": 0,
            "med": 0
        },
        "http_req_receiving": {
            "med": 0,
            "max": 1666.7364,
            "p(90)": 1.0102,
            "p(95)": 1.848375,
            "avg": 2.9073143916913935,
            "min": 0
        },
        "data_sent": {
            "count": 397424,
            "rate": 2044.1637035673912
        },
        "vus_max": {
            "value": 100,
            "min": 100,
            "max": 100
        },
        "http_req_tls_handshaking": {
            "min": 0,
            "med": 0,
            "max": 251.619,
            "p(90)": 0,
            "p(95)": 0,
            "avg": 1.2596622403560835
        },
        "data_received": {
            "count": 15562790,
            "rate": 80047.73351443687
        },
        "iterations": {
            "count": 2696,
            "rate": 13.866966627122888
        },
        "http_req_failed": {
            "passes": 228,
            "fails": 2468,
            "thresholds": {
                "rate<0.40": false
            },
            "value": 0.08456973293768547
        },
        "http_req_waiting": {
            "max": 60001.9363,
            "p(90)": 5813.516750000001,
            "p(95)": 6086.45975,
            "avg": 3895.570121105347,
            "min": 182.9157,
            "med": 3488.9281
        },
        "vus": {
            "min": 1,
            "max": 100,
            "value": 1
        },
        "http_req_blocked": {
            "avg": 4.763368286350149,
            "min": 0,
            "med": 0,
            "max": 1163.1497,
            "p(90)": 0,
            "p(95)": 0
        },
        "checks": {
            "passes": 2468,
            "fails": 228,
            "value": 0.9154302670623146
        },
        "iteration_duration": {
            "p(90)": 6316.49435,
            "p(95)": 6590.335425,
            "avg": 4404.266248961422,
            "min": 683.7754,
            "med": 3996.8675,
            "max": 60513.0483
        },
        "http_req_duration": {
            "avg": 3898.5881890578585,
            "min": 182.9157,
            "med": 3490.53095,
            "max": 60001.9363,
            "p(90)": 5814.1474,
            "p(95)": 6088.7564999999995,
            "thresholds": {
                "p(95)<8000": false
            }
        },
        "http_reqs": {
            "count": 2696,
            "rate": 13.866966627122888
        },
        "http_req_duration{expected_response:true}": {
            "med": 4150.19915,
            "max": 36205.0606,
            "p(90)": 5872.39434,
            "p(95)": 6094.0091,
            "avg": 4124.437181077789,
            "min": 235.2675
        }
    },
    "root_group": {
        "name": "",
        "path": "",
        "id": "d41d8cd98f00b204e9800998ecf8427e",
        "groups": {},
        "checks": {
                "status 200 e JSON valido": {
                    "name": "status 200 e JSON valido",
                    "path": "::status 200 e JSON valido",
                    "id": "38db324561702dbf8e4539985640c302",
                    "passes": 2468,
                    "fails": 228
                }
            }
    }
}