{
    "root_group": {
        "name": "",
        "path": "",
        "id": "d41d8cd98f00b204e9800998ecf8427e",
        "groups": {},
        "checks": {
                "status 200": {
                    "passes": 1164,
                    "fails": 9727,
                    "name": "status 200",
                    "path": "::status 200",
                    "id": "fad9fa412b86fcb03bee97c80dcd61f1"
                }
            }
    },
    "metrics": {
        "http_req_connecting": {
            "avg": 2.082251583876595,
            "min": 0,
            "med": 0,
            "max": 3019.0282,
            "p(90)": 0,
            "p(95)": 0
        },
        "http_req_blocked": {
            "max": 3072.2816,
            "p(90)": 0,
            "p(95)": 0,
            "avg": 2.7555977687999262,
            "min": 0,
            "med": 0
        },
        "http_req_tls_handshaking": {
            "avg": 0.6652435680837389,
            "min": 0,
            "med": 0,
            "max": 632.1797,
            "p(90)": 0,
            "p(95)": 0
        },
        "data_sent": {
            "count": 825227,
            "rate": 6355.271122101608
        },
        "data_received": {
            "count": 13670635,
            "rate": 105280.84010374299
        },
        "http_req_receiving": {
            "avg": 0.11696951611422285,
            "min": 0,
            "med": 0,
            "max": 80.6965,
            "p(90)": 0.1906,
            "p(95)": 0.7348
        },
        "http_req_duration{expected_response:true}": {
            "avg": 5271.564550687276,
            "min": 497.0882,
            "med": 6803.201499999999,
            "max": 8066.2808,
            "p(90)": 7303.70857,
            "p(95)": 7396.19432
        },
        "http_req_failed": {
            "passes": 9727,
            "fails": 1164,
            "thresholds": {
                "rate<0.30": true
            },
            "value": 0.8931227619135066
        },
        "vus_max": {
            "max": 200,
            "value": 200,
            "min": 200
        },
        "http_reqs": {
            "count": 10891,
            "rate": 83.87420405634887
        },
        "http_req_sending": {
            "min": 0,
            "med": 0,
            "max": 1.4883,
            "p(90)": 0.2302,
            "p(95)": 0.3608,
            "avg": 0.065909769534478
        },
        "http_req_waiting": {
            "p(95)": 6884.78245,
            "avg": 779.7490607106773,
            "min": 12.7944,
            "med": 212.323,
            "max": 8319.1844,
            "p(90)": 1014.2482
        },
        "checks": {
            "passes": 1164,
            "fails": 9727,
            "value": 0.10687723808649344
        },
        "iterations": {
            "count": 10891,
            "rate": 83.87420405634887
        },
        "http_req_duration": {
            "avg": 779.9319399963271,
            "min": 12.7944,
            "med": 212.4682,
            "max": 8319.1844,
            "p(90)": 1014.5478,
            "p(95)": 6884.78245,
            "thresholds": {
                "p(95)<8000": false
            }
        },
        "vus": {
            "value": 2,
            "min": 1,
            "max": 200
        },
        "iteration_duration": {
            "avg": 983.204657019557,
            "min": 212.8992,
            "med": 413.5995,
            "max": 8519.2375,
            "p(90)": 1287.1191,
            "p(95)": 7085.5419
        }
    }
}