{
    "metrics": {
        "http_req_duration": {
            "p(95)": 1344.9093799999998,
            "avg": 632.0558666666667,
            "min": 197.841,
            "med": 229.4807,
            "max": 1468.8459,
            "p(90)": 1220.97286,
            "thresholds": {
                "p(95)<5000": false
            }
        },
        "checks": {
            "fails": 0,
            "passes": 9,
            "value": 1
        },
        "http_req_receiving": {
            "p(90)": 0.4328000000000001,
            "p(95)": 0.4869,
            "avg": 0.18033333333333335,
            "min": 0,
            "med": 0,
            "max": 0.541
        },
        "data_sent": {
            "rate": 1025.1075602953365,
            "count": 2057
        },
        "http_req_failed": {
            "passes": 0,
            "fails": 3,
            "thresholds": {
                "rate<0.01": false
            },
            "value": 0
        },
        "vus": {
            "value": 1,
            "min": 1,
            "max": 1
        },
        "iteration_duration": {
            "p(95)": 2005.845,
            "avg": 2005.845,
            "min": 2005.845,
            "med": 2005.845,
            "max": 2005.845,
            "p(90)": 2005.845
        },
        "http_req_duration{expected_response:true}": {
            "p(95)": 1344.9093799999998,
            "avg": 632.0558666666667,
            "min": 197.841,
            "med": 229.4807,
            "max": 1468.8459,
            "p(90)": 1220.97286
        },
        "http_req_sending": {
            "p(95)": 0.55782,
            "avg": 0.3599333333333334,
            "min": 0,
            "med": 0.5175,
            "max": 0.5623,
            "p(90)": 0.55334
        },
        "data_received": {
            "count": 12608,
            "rate": 6283.206670006613
        },
        "http_req_blocked": {
            "avg": 35.51226666666667,
            "min": 0,
            "med": 0,
            "max": 106.5368,
            "p(90)": 85.22944000000001,
            "p(95)": 95.88311999999999
        },
        "vus_max": {
            "value": 1,
            "min": 1,
            "max": 1
        },
        "http_req_connecting": {
            "p(90)": 5.78672,
            "p(95)": 6.510059999999999,
            "avg": 2.4111333333333334,
            "min": 0,
            "med": 0,
            "max": 7.2334
        },
        "http_req_waiting": {
            "max": 1467.7874,
            "p(90)": 1220.0136,
            "p(95)": 1343.9004999999997,
            "avg": 631.5156000000001,
            "min": 197.841,
            "med": 228.9184
        },
        "http_req_tls_handshaking": {
            "avg": 12.4231,
            "min": 0,
            "med": 0,
            "max": 37.2693,
            "p(90)": 29.815440000000002,
            "p(95)": 33.54237
        },
        "iterations": {
            "count": 1,
            "rate": 0.49835078283681894
        },
        "http_reqs": {
            "count": 3,
            "rate": 1.4950523485104568
        }
    },
    "root_group": {
        "name": "",
        "path": "",
        "id": "d41d8cd98f00b204e9800998ecf8427e",
        "groups": {},
        "checks": {
                "GET /api/productsList status 200": {
                    "passes": 1,
                    "fails": 0,
                    "name": "GET /api/productsList status 200",
                    "path": "::GET /api/productsList status 200",
                    "id": "bcdd2a988107be816c25415104dbf1f0"
                },
                "responseCode igual a 200": {
                    "name": "responseCode igual a 200",
                    "path": "::responseCode igual a 200",
                    "id": "19581105e332c48660652c5e77e069c4",
                    "passes": 1,
                    "fails": 0
                },
                "products é um array": {
                    "passes": 1,
                    "fails": 0,
                    "name": "products é um array",
                    "path": "::products é um array",
                    "id": "90dba019d2a3e780ca09c12805758f34"
                },
                "products.length maior que 0": {
                    "passes": 1,
                    "fails": 0,
                    "name": "products.length maior que 0",
                    "path": "::products.length maior que 0",
                    "id": "a3e3e29397239763ac182fd68b297b8f"
                },
                "GET /api/brandsList status 200": {
                    "id": "9e629dcee1bd2ee49e7a39622e81c323",
                    "passes": 1,
                    "fails": 0,
                    "name": "GET /api/brandsList status 200",
                    "path": "::GET /api/brandsList status 200"
                },
                "brands responseCode igual a 200": {
                    "path": "::brands responseCode igual a 200",
                    "id": "c407d932121d5662b2a560ecaff86047",
                    "passes": 1,
                    "fails": 0,
                    "name": "brands responseCode igual a 200"
                },
                "brands é um array": {
                    "path": "::brands é um array",
                    "id": "a29d1a6ef0105d02d069133dbd6f9aa5",
                    "passes": 1,
                    "fails": 0,
                    "name": "brands é um array"
                },
                "POST /api/verifyLogin status 200": {
                    "name": "POST /api/verifyLogin status 200",
                    "path": "::POST /api/verifyLogin status 200",
                    "id": "5e15ccf5ce16972a4a7b43d2873fc287",
                    "passes": 1,
                    "fails": 0
                },
                "login message igual a User exists!": {
                    "name": "login message igual a User exists!",
                    "path": "::login message igual a User exists!",
                    "id": "edd2d1ecc5a462e97546b5795be215b7",
                    "passes": 1,
                    "fails": 0
                }
            }
    }
}