{
    "metrics": {
        "vus_max": {
            "value": 30,
            "min": 30,
            "max": 30
        },
        "data_sent": {
            "count": 585125,
            "rate": 3643.7297848152275
        },
        "iterations": {
            "count": 2891,
            "rate": 18.00302979346434
        },
        "http_req_blocked": {
            "med": 0,
            "max": 246.9118,
            "p(90)": 0,
            "p(95)": 0,
            "avg": 0.6026546177793152,
            "min": 0
        },
        "http_req_tls_handshaking": {
            "avg": 0.2690785541335179,
            "min": 0,
            "med": 0,
            "max": 96.3458,
            "p(90)": 0,
            "p(95)": 0
        },
        "http_req_duration": {
            "p(95)": 893.4366,
            "avg": 458.66217613282646,
            "min": 213.6677,
            "med": 306.5423,
            "max": 24026.2817,
            "p(90)": 648.4996,
            "thresholds": {
                "p(95)<5000": false
            }
        },
        "http_req_sending": {
            "avg": 0.11189484607402285,
            "min": 0,
            "med": 0,
            "max": 2.0012,
            "p(90)": 0.3338,
            "p(95)": 0.50455
        },
        "checks": {
            "passes": 5782,
            "fails": 0,
            "value": 1
        },
        "http_reqs": {
            "count": 2891,
            "rate": 18.00302979346434
        },
        "http_req_failed": {
            "passes": 0,
            "fails": 2891,
            "thresholds": {
                "rate<0.05": false
            },
            "value": 0
        },
        "http_req_receiving": {
            "avg": 8.729955932203385,
            "min": 0,
            "med": 2.3316,
            "max": 2465.1791,
            "p(90)": 12.0047,
            "p(95)": 18.391350000000003
        },
        "iteration_duration": {
            "p(95)": 1894.30025,
            "avg": 1460.0682938775528,
            "min": 1213.7755,
            "med": 1307.9853,
            "max": 25026.7519,
            "p(90)": 1649.344
        },
        "http_req_duration{expected_response:true}": {
            "avg": 458.66217613282646,
            "min": 213.6677,
            "med": 306.5423,
            "max": 24026.2817,
            "p(90)": 648.4996,
            "p(95)": 893.4366
        },
        "data_received": {
            "count": 141031572,
            "rate": 878241.2980059189
        },
        "http_req_connecting": {
            "avg": 0.328222621930128,
            "min": 0,
            "med": 0,
            "max": 226.2691,
            "p(90)": 0,
            "p(95)": 0
        },
        "http_req_waiting": {
            "max": 24025.5992,
            "p(90)": 644.4543,
            "p(95)": 875.6741,
            "avg": 449.82032535454914,
            "min": 210.7174,
            "med": 300.3174
        },
        "vus": {
            "value": 2,
            "min": 1,
            "max": 30
        }
    },
    "root_group": {
        "id": "d41d8cd98f00b204e9800998ecf8427e",
        "groups": {},
        "checks": {
                "GET /products status 200": {
                    "passes": 2891,
                    "fails": 0,
                    "name": "GET /products status 200",
                    "path": "::GET /products status 200",
                    "id": "40653204b576fcfdd0a6d6b758667b7b"
                },
                "pagina produtos carregada": {
                    "name": "pagina produtos carregada",
                    "path": "::pagina produtos carregada",
                    "id": "ec047efbafed7d774f3d95ef322d81ee",
                    "passes": 2891,
                    "fails": 0
                }
            },
        "name": "",
        "path": ""
    }
}