{
    "metrics": {
        "http_req_tls_handshaking": {
            "med": 0,
            "max": 350.5425,
            "p(90)": 0,
            "p(95)": 0,
            "avg": 0.39135807693953517,
            "min": 0
        },
        "data_received": {
            "count": 37760684,
            "rate": 131845.65621608315
        },
        "data_sent": {
            "count": 1613284,
            "rate": 5632.9617239695
        },
        "vus": {
            "value": 1,
            "min": 1,
            "max": 299
        },
        "vus_max": {
            "value": 300,
            "min": 300,
            "max": 300
        },
        "http_req_sending": {
            "min": 0,
            "med": 0,
            "max": 1.3183,
            "p(90)": 0.2566800000000003,
            "p(95)": 0.5031,
            "avg": 0.07282174675852608
        },
        "http_req_waiting": {
            "min": 75.0383,
            "med": 209.7739,
            "max": 60000.0945,
            "p(90)": 5592.823880000002,
            "p(95)": 6810.05038,
            "avg": 1206.4740316958364
        },
        "http_req_receiving": {
            "p(95)": 1.0145199999999996,
            "avg": 0.7875136676794041,
            "min": 0,
            "med": 0,
            "max": 2383.3588,
            "p(90)": 0.54122
        },
        "iterations": {
            "count": 23369,
            "rate": 81.59548010607136
        },
        "http_reqs": {
            "count": 23369,
            "rate": 81.59548010607136
        },
        "http_req_blocked": {
            "max": 1252.6323,
            "p(90)": 0,
            "p(95)": 0,
            "avg": 1.6766945996833418,
            "min": 0,
            "med": 0
        },
        "checks": {
            "passes": 4119,
            "fails": 19250,
            "value": 0.1762591467328512
        },
        "http_req_failed": {
            "passes": 19250,
            "fails": 4119,
            "thresholds": {
                "rate<0.60": true
            },
            "value": 0.8237408532671487
        },
        "http_req_duration": {
            "min": 75.0383,
            "med": 210.073,
            "max": 60000.4518,
            "p(90)": 5595.19142,
            "p(95)": 6810.08922,
            "avg": 1207.3343671102766,
            "thresholds": {
                "p(95)<10000": false
            }
        },
        "http_req_duration{expected_response:true}": {
            "p(90)": 7157.1606,
            "p(95)": 7404.02252,
            "avg": 5220.453724107783,
            "min": 223.7689,
            "med": 5993.2742,
            "max": 43127.7488
        },
        "iteration_duration": {
            "avg": 1509.5784889854046,
            "min": 375.3152,
            "med": 511.0534,
            "max": 60301.7565,
            "p(90)": 5897.2366600000005,
            "p(95)": 7111.06038
        },
        "http_req_connecting": {
            "med": 0,
            "max": 1235.6942,
            "p(90)": 0,
            "p(95)": 0,
            "avg": 1.2716767940433906,
            "min": 0
        }
    },
    "root_group": {
        "name": "",
        "path": "",
        "id": "d41d8cd98f00b204e9800998ecf8427e",
        "groups": {},
        "checks": {
                "status 200 e JSON valido": {
                    "fails": 19250,
                    "name": "status 200 e JSON valido",
                    "path": "::status 200 e JSON valido",
                    "id": "38db324561702dbf8e4539985640c302",
                    "passes": 4119
                }
            }
    }
}