{
    "root_group": {
        "checks": {
            "status 200": {
                "name": "status 200",
                "path": "::status 200",
                "id": "fad9fa412b86fcb03bee97c80dcd61f1",
                "passes": 1703,
                "fails": 7076
            }
        },
        "name": "",
        "path": "",
        "id": "d41d8cd98f00b204e9800998ecf8427e",
        "groups": {}
    },
    "metrics": {
        "http_req_tls_handshaking": {
            "avg": 0.5407009796104343,
            "min": 0,
            "med": 0,
            "max": 240.1992,
            "p(90)": 0,
            "p(95)": 0
        },
        "http_req_receiving": {
            "min": 0,
            "med": 0,
            "max": 2907.4612,
            "p(90)": 0.53422,
            "p(95)": 1.0217100000000001,
            "avg": 1.8679178835858292
        },
        "data_sent": {
            "count": 769064,
            "rate": 6123.303645664464
        },
        "vus": {
            "value": 10,
            "min": 1,
            "max": 200
        },
        "http_req_sending": {
            "avg": 0.09133326119147941,
            "min": 0,
            "med": 0,
            "max": 1.7849,
            "p(90)": 0.29453999999999997,
            "p(95)": 0.5188
        },
        "http_req_failed": {
            "passes": 7076,
            "fails": 1703,
            "thresholds": {
                "rate<0.30": true
            },
            "value": 0.8060143524319399
        },
        "http_reqs": {
            "count": 8779,
            "rate": 69.8985815293504
        },
        "checks": {
            "fails": 7076,
            "passes": 1703,
            "value": 0.19398564756806014
        },
        "vus_max": {
            "max": 200,
            "value": 200,
            "min": 200
        },
        "data_received": {
            "count": 15436827,
            "rate": 122908.33928852687
        },
        "http_req_duration": {
            "avg": 1008.1035261988843,
            "min": 178.6166,
            "med": 216.4118,
            "max": 45888.0898,
            "p(90)": 5470.277119999998,
            "p(95)": 6461.13562,
            "thresholds": {
                "p(95)<8000": false
            }
        },
        "http_req_duration{expected_response:true}": {
            "p(90)": 6775.589959999999,
            "p(95)": 7078.58974,
            "avg": 3990.164071696996,
            "min": 227.8975,
            "med": 5592.4069,
            "max": 45888.0898
        },
        "http_req_waiting": {
            "p(90)": 5469.857839999997,
            "p(95)": 6458.7038600000005,
            "avg": 1006.1442750541049,
            "min": 177.9356,
            "med": 216.0853,
            "max": 45888.0898
        },
        "http_req_blocked": {
            "avg": 2.1483506891445496,
            "min": 0,
            "med": 0,
            "max": 1073.2297,
            "p(90)": 0,
            "p(95)": 0
        },
        "iteration_duration": {
            "p(90)": 5690.64208,
            "p(95)": 6661.522150000001,
            "avg": 1210.8348161066172,
            "min": 379.2395,
            "med": 417.5627,
            "max": 46088.7347
        },
        "iterations": {
            "count": 8779,
            "rate": 69.8985815293504
        },
        "http_req_connecting": {
            "p(90)": 0,
            "p(95)": 0,
            "avg": 1.5748738580703951,
            "min": 0,
            "med": 0,
            "max": 1024.5188
        }
    }
}